,Project2025,WikiStylometry
Project2025,0.0,1.414213562373095
WikiStylometry,1.414213562373095,0.0
