,Project2025,WikiStylometry
Project2025,1.0000000000000042,0.5413226294218884
WikiStylometry,0.5413226294218884,0.9999999999999989
