{
  "bundle_id": "rb-artifacts-20260114T234039",
  "produced_by": "ArtifactExtractor",
  "artifacts": {
    "files": [
      "manifest.json",
      "doc_metrics.csv",
      "chunk_metrics.csv",
      "plot_avg_sentence_len_boxplot.png",
      "plot_mattr_boxplot.png"
    ]
  },
  "key_findings": [
    "Processed 2 docs.",
    {
      "Project2025": {
        "docs": 1,
        "chunks": 253,
        "total_words_docs": 303732,
        "avg_mattr": 0.5317879848169559,
        "avg_yules_k": 75.04563480176013,
        "avg_sentence_len": 22.181552618126048,
        "avg_hapax_rate": 0.030224013274860732,
        "avg_commas_per_1000w": 62.64404145760077
      },
      "WikiStylometry": {
        "docs": 1,
        "chunks": 7,
        "total_words_docs": 7834,
        "avg_mattr": 0.5799072937968643,
        "avg_yules_k": 52.97568143783091,
        "avg_sentence_len": 12.164596273291925,
        "avg_hapax_rate": 0.19696196068419708,
        "avg_commas_per_1000w": 65.10084248149094
      }
    }
  ]
}