,Local,Wiki
Local,0.0,1.6860826608862665
Wiki,1.6860826608862665,0.0
